city_name,city_id,url
Abbs Valley,37317,https://www.redfin.com/city/37317/VA/Abbs-Valley
Abingdon,22,https://www.redfin.com/city/22/VA/Abingdon
Accomac,28,https://www.redfin.com/city/28/VA/Accomac
Aden,29022,https://www.redfin.com/city/29022/VA/Aden
Adwolf,21132,https://www.redfin.com/city/21132/VA/Adwolf
Afton,37203,https://www.redfin.com/city/37203/VA/Afton
Agnewville,29023,https://www.redfin.com/city/29023/VA/Agnewville
Airmont,29024,https://www.redfin.com/city/29024/VA/Airmont
Alberta,164,https://www.redfin.com/city/164/VA/Alberta
Aldie,38739,https://www.redfin.com/city/38739/VA/Aldie
Alexandria,250,https://www.redfin.com/city/250/VA/Alexandria
Algonquin Hills,29025,https://www.redfin.com/city/29025/VA/Algonquin-Hills
Allison Gap,38602,https://www.redfin.com/city/38602/VA/Allison-Gap
Allisonia,31400,https://www.redfin.com/city/31400/VA/Allisonia
Altavista,389,https://www.redfin.com/city/389/VA/Altavista
Amelia Court House,31420,https://www.redfin.com/city/31420/VA/Amelia-Court-House
Amherst,431,https://www.redfin.com/city/431/VA/Amherst
Amonate,37164,https://www.redfin.com/city/37164/VA/Amonate
Annandale,21214,https://www.redfin.com/city/21214/VA/Annandale
Appalachia,520,https://www.redfin.com/city/520/VA/Appalachia
Apple Mountain Lake,31449,https://www.redfin.com/city/31449/VA/Apple-Mountain-Lake
Appomattox,533,https://www.redfin.com/city/533/VA/Appomattox
Aquia Harbour,21225,https://www.redfin.com/city/21225/VA/Aquia-Harbour
Arcola,29014,https://www.redfin.com/city/29014/VA/Arcola
Argyle Heights,29026,https://www.redfin.com/city/29026/VA/Argyle-Heights
Arkendale,29027,https://www.redfin.com/city/29027/VA/Arkendale
Arlington,21282,https://www.redfin.com/city/21282/VA/Arlington
Arrington,31493,https://www.redfin.com/city/31493/VA/Arrington
Ashburn,29015,https://www.redfin.com/city/29015/VA/Ashburn
Ashland,913,https://www.redfin.com/city/913/VA/Ashland
Ashton Glen,29028,https://www.redfin.com/city/29028/VA/Ashton-Glen
Atkins,21309,https://www.redfin.com/city/21309/VA/Atkins
Atlantic,31512,https://www.redfin.com/city/31512/VA/Atlantic
Augusta Springs,31514,https://www.redfin.com/city/31514/VA/Augusta-Springs
Austinville,37147,https://www.redfin.com/city/37147/VA/Austinville
Bailey S Crossroads,21340,https://www.redfin.com/city/21340/VA/Bailey-s-Crossroads
Barboursville,37121,https://www.redfin.com/city/37121/VA/Barboursville
Baskerville,31580,https://www.redfin.com/city/31580/VA/Baskerville
Bassett,21396,https://www.redfin.com/city/21396/VA/Bassett
Bastian,36559,https://www.redfin.com/city/36559/VA/Bastian
Basye,31130,https://www.redfin.com/city/31130/VA/Basye
Bayside,31605,https://www.redfin.com/city/31605/VA/Bayside
Baywood,37179,https://www.redfin.com/city/37179/VA/Baywood
Bealeton,31615,https://www.redfin.com/city/31615/VA/Bealeton
Beamertown,29029,https://www.redfin.com/city/29029/VA/Beamertown
Bedford,1476,https://www.redfin.com/city/1476/VA/Bedford
Belfair Crossroads,29030,https://www.redfin.com/city/29030/VA/Belfair-Crossroads
Belle Haven,21456,https://www.redfin.com/city/21456/VA/Belle-Haven
Belle Haven,1571,https://www.redfin.com/city/1571/VA/Belle-Haven
Belleair,29031,https://www.redfin.com/city/29031/VA/Belleair
Belleview,28947,https://www.redfin.com/city/28947/VA/Belleview
Bellwood,21476,https://www.redfin.com/city/21476/VA/Bellwood
Belmont,31666,https://www.redfin.com/city/31666/VA/Belmont
Belmont Country Club,29032,https://www.redfin.com/city/29032/VA/Belmont-Country-Club
Belmont Estates,31670,https://www.redfin.com/city/31670/VA/Belmont-Estates
Belmont Park,29033,https://www.redfin.com/city/29033/VA/Belmont-Park
Belspring,31673,https://www.redfin.com/city/31673/VA/Belspring
Belview,31681,https://www.redfin.com/city/31681/VA/Belview
Benns Church,31692,https://www.redfin.com/city/31692/VA/Benns-Church
Bensley,21510,https://www.redfin.com/city/21510/VA/Bensley
Berryville,1815,https://www.redfin.com/city/1815/VA/Berryville
Bethel Manor,31710,https://www.redfin.com/city/31710/VA/Bethel-Manor
Big Island,31730,https://www.redfin.com/city/31730/VA/Big-Island
Big Rock,38603,https://www.redfin.com/city/38603/VA/Big-Rock
Big Stone Gap,1943,https://www.redfin.com/city/1943/VA/Big-Stone-Gap
Big Stone Gap East,38604,https://www.redfin.com/city/38604/VA/Big-Stone-Gap-East
Blacksburg,2010,https://www.redfin.com/city/2010/VA/Blacksburg
Blackstone,2017,https://www.redfin.com/city/2017/VA/Blackstone
Blairs,31754,https://www.redfin.com/city/31754/VA/Blairs
Bland,31755,https://www.redfin.com/city/31755/VA/Bland
Blandsford,29034,https://www.redfin.com/city/29034/VA/Blandsford
Blevinstown,29035,https://www.redfin.com/city/29035/VA/Blevinstown
Bloom Hill,29036,https://www.redfin.com/city/29036/VA/Bloom-Hill
Bloxom,2105,https://www.redfin.com/city/2105/VA/Bloxom
Blue Ridge,21611,https://www.redfin.com/city/21611/VA/Blue-Ridge
Blue Ridge Shores,31772,https://www.redfin.com/city/31772/VA/Blue-Ridge-Shores
Bluefield,2117,https://www.redfin.com/city/2117/VA/Bluefield
Bobtown,31778,https://www.redfin.com/city/31778/VA/Bobtown
Boissevain,37291,https://www.redfin.com/city/37291/VA/Boissevain
Bolington,29037,https://www.redfin.com/city/29037/VA/Bolington
Bon Air,21629,https://www.redfin.com/city/21629/VA/Bon-Air
Boones Mill,2235,https://www.redfin.com/city/2235/VA/Boones-Mill
Boston,31789,https://www.redfin.com/city/31789/VA/Boston
Boswell S Corner,31792,https://www.redfin.com/city/31792/VA/Boswell-s-Corner
Bowling Green,2301,https://www.redfin.com/city/2301/VA/Bowling-Green
Bowmantown,29038,https://www.redfin.com/city/29038/VA/Bowmantown
Boyce,2328,https://www.redfin.com/city/2328/VA/Boyce
Boydton,2335,https://www.redfin.com/city/2335/VA/Boydton
Boykins,2338,https://www.redfin.com/city/2338/VA/Boykins
Bracey,31818,https://www.redfin.com/city/31818/VA/Bracey
Braddock,37137,https://www.redfin.com/city/37137/VA/Braddock
Brambleton,28948,https://www.redfin.com/city/28948/VA/Brambleton
Branchville,2380,https://www.redfin.com/city/2380/VA/Branchville
Brandermill,31827,https://www.redfin.com/city/31827/VA/Brandermill
Brandy Station,37902,https://www.redfin.com/city/37902/VA/Brandy-Station
Breaks,38605,https://www.redfin.com/city/38605/VA/Breaks
Brentsville,29039,https://www.redfin.com/city/29039/VA/Brentsville
Bridgewater,2482,https://www.redfin.com/city/2482/VA/Bridgewater
Brightwood,31853,https://www.redfin.com/city/31853/VA/Brightwood
Bristol,31857,https://www.redfin.com/city/31857/VA/Bristol
Bristow,29016,https://www.redfin.com/city/29016/VA/Bristow
Britain,29040,https://www.redfin.com/city/29040/VA/Britain
Broadlands,28949,https://www.redfin.com/city/28949/VA/Broadlands
Broadway,2577,https://www.redfin.com/city/2577/VA/Broadway
Brodnax,2587,https://www.redfin.com/city/2587/VA/Brodnax
Brookneal,2661,https://www.redfin.com/city/2661/VA/Brookneal
Brucetown,37299,https://www.redfin.com/city/37299/VA/Brucetown
Buchanan,2766,https://www.redfin.com/city/2766/VA/Buchanan
Buckhall,29041,https://www.redfin.com/city/29041/VA/Buckhall
Buckingham Courthouse,31904,https://www.redfin.com/city/31904/VA/Buckingham-Courthouse
Buckland,29042,https://www.redfin.com/city/29042/VA/Buckland
Buena Vista,2844,https://www.redfin.com/city/2844/VA/Buena-Vista
Bull Run,21799,https://www.redfin.com/city/21799/VA/Bull-Run
Bull Run,38744,https://www.redfin.com/city/38744/VA/Bull-Run
Bull Run Mountain Estates,31920,https://www.redfin.com/city/31920/VA/Bull-Run-Mountain-Estates
Burke,21812,https://www.redfin.com/city/21812/VA/Burke
Burke Centre,31931,https://www.redfin.com/city/31931/VA/Burke-Centre
Burkeville,2996,https://www.redfin.com/city/2996/VA/Burkeville
Burns Crossroads,29043,https://www.redfin.com/city/29043/VA/Burns-Crossroads
Butts Corner,29044,https://www.redfin.com/city/29044/VA/Butts-Corner
Butzner Corner,29045,https://www.redfin.com/city/29045/VA/Butzner-Corner
Callaghan,31967,https://www.redfin.com/city/31967/VA/Callaghan
Calverton,31973,https://www.redfin.com/city/31973/VA/Calverton
Camp Barrett,37247,https://www.redfin.com/city/37247/VA/Camp-Barrett
Camptown,31997,https://www.redfin.com/city/31997/VA/Camptown
Cana,21892,https://www.redfin.com/city/21892/VA/Cana
Cape Charles,3326,https://www.redfin.com/city/3326/VA/Cape-Charles
Capron,3357,https://www.redfin.com/city/3357/VA/Capron
Captains Cove,32017,https://www.redfin.com/city/32017/VA/Captains-Cove
Carrollton,32029,https://www.redfin.com/city/32029/VA/Carrollton
Carrsville,32031,https://www.redfin.com/city/32031/VA/Carrsville
Carters,29046,https://www.redfin.com/city/29046/VA/Carters
Cascades,32038,https://www.redfin.com/city/32038/VA/Cascades
Castlewood,21956,https://www.redfin.com/city/21956/VA/Castlewood
Catharpin,29017,https://www.redfin.com/city/29017/VA/Catharpin
Catlett,32056,https://www.redfin.com/city/32056/VA/Catlett
Cats Bridge,32058,https://www.redfin.com/city/32058/VA/Cats-Bridge
Cave Spring,21968,https://www.redfin.com/city/21968/VA/Cave-Spring
Cedar Bluff,3585,https://www.redfin.com/city/3585/VA/Cedar-Bluff
Central Garage,32101,https://www.redfin.com/city/32101/VA/Central-Garage
Centreville,22018,https://www.redfin.com/city/22018/VA/Centreville
Chamberlayne,22025,https://www.redfin.com/city/22025/VA/Chamberlayne
Chantilly,22034,https://www.redfin.com/city/22034/VA/Chantilly
Charles City,32129,https://www.redfin.com/city/32129/VA/Charles-City
Charlotte Court House,3866,https://www.redfin.com/city/3866/VA/Charlotte-Court-House
Charlottesville,3867,https://www.redfin.com/city/3867/VA/Charlottesville
Chase City,3873,https://www.redfin.com/city/3873/VA/Chase-City
Chase Crossing,32132,https://www.redfin.com/city/32132/VA/Chase-Crossing
Chatham,3877,https://www.redfin.com/city/3877/VA/Chatham
Chatham Heights,29047,https://www.redfin.com/city/29047/VA/Chatham-Heights
Chatmoss,22058,https://www.redfin.com/city/22058/VA/Chatmoss
Cheriton,3904,https://www.redfin.com/city/3904/VA/Cheriton
Cherry Hill,32142,https://www.redfin.com/city/32142/VA/Cherry-Hill
Chesapeake,4144,https://www.redfin.com/city/4144/VA/Chesapeake
Chester,22124,https://www.redfin.com/city/22124/VA/Chester
Chester Gap,32183,https://www.redfin.com/city/32183/VA/Chester-Gap
Chilhowie,4293,https://www.redfin.com/city/4293/VA/Chilhowie
Chincoteague,4300,https://www.redfin.com/city/4300/VA/Chincoteague
Christiansburg,4327,https://www.redfin.com/city/4327/VA/Christiansburg
Churchville,32207,https://www.redfin.com/city/32207/VA/Churchville
Circleville,29048,https://www.redfin.com/city/29048/VA/Circleville
Claremont,4402,https://www.redfin.com/city/4402/VA/Claremont
Clarks Gap,29049,https://www.redfin.com/city/29049/VA/Clarks-Gap
Clarksville,4423,https://www.redfin.com/city/4423/VA/Clarksville
Claypool Hill,22180,https://www.redfin.com/city/22180/VA/Claypool-Hill
Cleveland,4494,https://www.redfin.com/city/4494/VA/Cleveland
Clifton,4517,https://www.redfin.com/city/4517/VA/Clifton
Clifton Forge,4530,https://www.redfin.com/city/4530/VA/Clifton-Forge
Cliftondale Park,37641,https://www.redfin.com/city/37641/VA/Cliftondale-Park
Clinchco,4541,https://www.redfin.com/city/4541/VA/Clinchco
Clinchport,4550,https://www.redfin.com/city/4550/VA/Clinchport
Clintwood,4554,https://www.redfin.com/city/4554/VA/Clintwood
Clover,32250,https://www.redfin.com/city/32250/VA/Clover
Cloverdale,22204,https://www.redfin.com/city/22204/VA/Cloverdale
Cluster Springs,32256,https://www.redfin.com/city/32256/VA/Cluster-Springs
Coeburn,4647,https://www.redfin.com/city/4647/VA/Coeburn
Collinsville,22253,https://www.redfin.com/city/22253/VA/Collinsville
Colonial Beach,4757,https://www.redfin.com/city/4757/VA/Colonial-Beach
Colonial Heights,4772,https://www.redfin.com/city/4772/VA/Colonial-Heights
Columbia,4821,https://www.redfin.com/city/4821/VA/Columbia
Community,28950,https://www.redfin.com/city/28950/VA/Community
Compher,29050,https://www.redfin.com/city/29050/VA/Compher
Comptons Corner,29051,https://www.redfin.com/city/29051/VA/Comptons-Corner
Concord,32309,https://www.redfin.com/city/32309/VA/Concord
Countryside,35915,https://www.redfin.com/city/35915/VA/Countryside
County Center,32342,https://www.redfin.com/city/32342/VA/County-Center
Courtland,5050,https://www.redfin.com/city/5050/VA/Courtland
Covington,5085,https://www.redfin.com/city/5085/VA/Covington
Cox Corner,29052,https://www.redfin.com/city/29052/VA/Cox-Corner
Craigsville,5137,https://www.redfin.com/city/5137/VA/Craigsville
Cranes Corner,29053,https://www.redfin.com/city/29053/VA/Cranes-Corner
Crewe,5209,https://www.redfin.com/city/5209/VA/Crewe
Crimora,22375,https://www.redfin.com/city/22375/VA/Crimora
Cropp,29054,https://www.redfin.com/city/29054/VA/Cropp
Crosspointe,32391,https://www.redfin.com/city/32391/VA/Crosspointe
Crozet,22397,https://www.redfin.com/city/22397/VA/Crozet
Culpeper,5359,https://www.redfin.com/city/5359/VA/Culpeper
Cumberland,32406,https://www.redfin.com/city/32406/VA/Cumberland
Daffan,29055,https://www.redfin.com/city/29055/VA/Daffan
Dahlgren,22429,https://www.redfin.com/city/22429/VA/Dahlgren
Dahlgren Center,32415,https://www.redfin.com/city/32415/VA/Dahlgren-Center
Dale City,22438,https://www.redfin.com/city/22438/VA/Dale-City
Daleville,22448,https://www.redfin.com/city/22448/VA/Daleville
Damascus,5458,https://www.redfin.com/city/5458/VA/Damascus
Dante,32427,https://www.redfin.com/city/32427/VA/Dante
Danville,5505,https://www.redfin.com/city/5505/VA/Danville
Davids Crossroads,29056,https://www.redfin.com/city/29056/VA/Davids-Crossroads
Davis Corner,29057,https://www.redfin.com/city/29057/VA/Davis-Corner
Dayton,5582,https://www.redfin.com/city/5582/VA/Dayton
Deep Creek,32455,https://www.redfin.com/city/32455/VA/Deep-Creek
Deerfield,32462,https://www.redfin.com/city/32462/VA/Deerfield
Deltaville,32473,https://www.redfin.com/city/32473/VA/Deltaville
Dendron,5704,https://www.redfin.com/city/5704/VA/Dendron
Difficult Run,37239,https://www.redfin.com/city/37239/VA/Difficult-Run
Dillwyn,5803,https://www.redfin.com/city/5803/VA/Dillwyn
Dinwiddie,36511,https://www.redfin.com/city/36511/VA/Dinwiddie
Disputanta,37166,https://www.redfin.com/city/37166/VA/Disputanta
Dixie Hill,29058,https://www.redfin.com/city/29058/VA/Dixie-Hill
Dodds Corner,29059,https://www.redfin.com/city/29059/VA/Dodds-Corner
Dooms,22576,https://www.redfin.com/city/22576/VA/Dooms
Doran,37072,https://www.redfin.com/city/37072/VA/Doran
Doveville,29060,https://www.redfin.com/city/29060/VA/Doveville
Drakes Branch,6036,https://www.redfin.com/city/6036/VA/Drakes-Branch
Dranesville,35917,https://www.redfin.com/city/35917/VA/Dranesville
Draper,32540,https://www.redfin.com/city/32540/VA/Draper
Dryden,22615,https://www.redfin.com/city/22615/VA/Dryden
Dublin,6091,https://www.redfin.com/city/6091/VA/Dublin
Duffield,6100,https://www.redfin.com/city/6100/VA/Duffield
Dulles,28951,https://www.redfin.com/city/28951/VA/Dulles
Dulles Town Center,32561,https://www.redfin.com/city/32561/VA/Dulles-Town-Center
Dumbarton,22622,https://www.redfin.com/city/22622/VA/Dumbarton
Dumfries,6121,https://www.redfin.com/city/6121/VA/Dumfries
Dunbar,38606,https://www.redfin.com/city/38606/VA/Dunbar
Dungannon,6159,https://www.redfin.com/city/6159/VA/Dungannon
Dunlin,29061,https://www.redfin.com/city/29061/VA/Dunlin
Dunn Loring,22639,https://www.redfin.com/city/22639/VA/Dunn-Loring
Eagle Rock,36482,https://www.redfin.com/city/36482/VA/Eagle-Rock
Earlysville,36529,https://www.redfin.com/city/36529/VA/Earlysville
East Highland Park,22673,https://www.redfin.com/city/22673/VA/East-Highland-Park
East Lexington,32602,https://www.redfin.com/city/32602/VA/East-Lexington
East Stone Gap,38607,https://www.redfin.com/city/38607/VA/East-Stone-Gap
Eastville,6370,https://www.redfin.com/city/6370/VA/Eastville
Ebony,32613,https://www.redfin.com/city/32613/VA/Ebony
Edgegrove,29062,https://www.redfin.com/city/29062/VA/Edgegrove
Edgelea,29063,https://www.redfin.com/city/29063/VA/Edgelea
Edinburg,6440,https://www.redfin.com/city/6440/VA/Edinburg
Eggleston,37173,https://www.redfin.com/city/37173/VA/Eggleston
Elkton,6549,https://www.redfin.com/city/6549/VA/Elkton
Elliston,28977,https://www.redfin.com/city/28977/VA/Elliston
Elvan,29064,https://www.redfin.com/city/29064/VA/Elvan
Emory,31185,https://www.redfin.com/city/31185/VA/Emory
Emporia,6636,https://www.redfin.com/city/6636/VA/Emporia
England Run,29065,https://www.redfin.com/city/29065/VA/England-Run
Engleside,28952,https://www.redfin.com/city/28952/VA/Engleside
Enon,32685,https://www.redfin.com/city/32685/VA/Enon
Esmont,32691,https://www.redfin.com/city/32691/VA/Esmont
Ettrick,22796,https://www.redfin.com/city/22796/VA/Ettrick
Eubanks,29066,https://www.redfin.com/city/29066/VA/Eubanks
Everharts Crossroads,29067,https://www.redfin.com/city/29067/VA/Everharts-Crossroads
Ewing,22810,https://www.redfin.com/city/22810/VA/Ewing
Exmore,6771,https://www.redfin.com/city/6771/VA/Exmore
Fair Lakes,32724,https://www.redfin.com/city/32724/VA/Fair-Lakes
Fair Oaks,32730,https://www.redfin.com/city/32730/VA/Fair-Oaks
Fairfax,6790,https://www.redfin.com/city/6790/VA/Fairfax
Fairfax Station,32718,https://www.redfin.com/city/32718/VA/Fairfax-Station
Fairfield,37104,https://www.redfin.com/city/37104/VA/Fairfield
Fairlawn,22836,https://www.redfin.com/city/22836/VA/Fairlawn
Fairview,32731,https://www.redfin.com/city/32731/VA/Fairview
Fairview Beach,22865,https://www.redfin.com/city/22865/VA/Fairview-Beach
Falls Church,6952,https://www.redfin.com/city/6952/VA/Falls-Church
Falls Mills,37197,https://www.redfin.com/city/37197/VA/Falls-Mills
Falmouth,22881,https://www.redfin.com/city/22881/VA/Falmouth
Fancy Gap,22882,https://www.redfin.com/city/22882/VA/Fancy-Gap
Farmville,7013,https://www.redfin.com/city/7013/VA/Farmville
Farrs Corner,29068,https://www.redfin.com/city/29068/VA/Farrs-Corner
Ferrum,22915,https://www.redfin.com/city/22915/VA/Ferrum
Fieldale,22916,https://www.redfin.com/city/22916/VA/Fieldale
Fincastle,7105,https://www.redfin.com/city/7105/VA/Fincastle
Fines Corner,29069,https://www.redfin.com/city/29069/VA/Fines-Corner
Fishersville,22931,https://www.redfin.com/city/22931/VA/Fishersville
Flint Hill,32796,https://www.redfin.com/city/32796/VA/Flint-Hill
Floris,35914,https://www.redfin.com/city/35914/VA/Floris
Floyd,7279,https://www.redfin.com/city/7279/VA/Floyd
Forest,22990,https://www.redfin.com/city/22990/VA/Forest
Fort Belvoir,23010,https://www.redfin.com/city/23010/VA/Fort-Belvoir
Fort Chiswell,23012,https://www.redfin.com/city/23012/VA/Fort-Chiswell
Fort Hunt,23017,https://www.redfin.com/city/23017/VA/Fort-Hunt
Fort Lee,23018,https://www.redfin.com/city/23018/VA/Fort-Lee
Fox Chase,29071,https://www.redfin.com/city/29071/VA/Fox-Chase
Franconia,23045,https://www.redfin.com/city/23045/VA/Franconia
Franklin,7541,https://www.redfin.com/city/7541/VA/Franklin
Franklin Farm,32850,https://www.redfin.com/city/32850/VA/Franklin-Farm
Franktown,37097,https://www.redfin.com/city/37097/VA/Franktown
Fredericksburg,30875,https://www.redfin.com/city/30875/VA/Fredericksburg
Free Union,32862,https://www.redfin.com/city/32862/VA/Free-Union
Fries,7619,https://www.redfin.com/city/7619/VA/Fries
Fritters Corner,29072,https://www.redfin.com/city/29072/VA/Fritters-Corner
Front Royal,7639,https://www.redfin.com/city/7639/VA/Front-Royal
Furnace Mountain,29073,https://www.redfin.com/city/29073/VA/Furnace-Mountain
Gainesville,23070,https://www.redfin.com/city/23070/VA/Gainesville
Galax,7702,https://www.redfin.com/city/7702/VA/Galax
Gargatha,32902,https://www.redfin.com/city/32902/VA/Gargatha
Garrisonville,29074,https://www.redfin.com/city/29074/VA/Garrisonville
Gasburg,32906,https://www.redfin.com/city/32906/VA/Gasburg
Gate City,7787,https://www.redfin.com/city/7787/VA/Gate-City
George Mason,32911,https://www.redfin.com/city/32911/VA/George-Mason
German,29075,https://www.redfin.com/city/29075/VA/German
Glade Spring,7940,https://www.redfin.com/city/7940/VA/Glade-Spring
Glasgow,7965,https://www.redfin.com/city/7965/VA/Glasgow
Gleedsville,29076,https://www.redfin.com/city/29076/VA/Gleedsville
Glen Allen,23150,https://www.redfin.com/city/23150/VA/Glen-Allen
Glen Lyn,8024,https://www.redfin.com/city/8024/VA/Glen-Lyn
Glen Wilton,36548,https://www.redfin.com/city/36548/VA/Glen-Wilton
Glendie,29077,https://www.redfin.com/city/29077/VA/Glendie
Glenvar,32960,https://www.redfin.com/city/32960/VA/Glenvar
Gloucester Courthouse,23176,https://www.redfin.com/city/23176/VA/Gloucester-Courthouse
Gloucester Point,23177,https://www.redfin.com/city/23177/VA/Gloucester-Point
Goochland,32976,https://www.redfin.com/city/32976/VA/Goochland
Goose Creek Village,37248,https://www.redfin.com/city/37248/VA/Goose-Creek-Village
Gordonsville,8158,https://www.redfin.com/city/8158/VA/Gordonsville
Gore,36564,https://www.redfin.com/city/36564/VA/Gore
Goshen,8171,https://www.redfin.com/city/8171/VA/Goshen
Gratton,32997,https://www.redfin.com/city/32997/VA/Gratton
Graves,29078,https://www.redfin.com/city/29078/VA/Graves
Great Falls,23223,https://www.redfin.com/city/23223/VA/Great-Falls
Great Falls Crossing,37271,https://www.redfin.com/city/37271/VA/Great-Falls-Crossing
Greenbackville,33012,https://www.redfin.com/city/33012/VA/Greenbackville
Greenbriar,33016,https://www.redfin.com/city/33016/VA/Greenbriar
Greenbush,33019,https://www.redfin.com/city/33019/VA/Greenbush
Greenville,23248,https://www.redfin.com/city/23248/VA/Greenville
Greenway,29018,https://www.redfin.com/city/29018/VA/Greenway
Greggsville,29079,https://www.redfin.com/city/29079/VA/Greggsville
Gretna,8494,https://www.redfin.com/city/8494/VA/Gretna
Grottoes,8575,https://www.redfin.com/city/8575/VA/Grottoes
Groveton,23288,https://www.redfin.com/city/23288/VA/Groveton
Grundy,8612,https://www.redfin.com/city/8612/VA/Grundy
Gwynn,33064,https://www.redfin.com/city/33064/VA/Gwynn
Halifax,8703,https://www.redfin.com/city/8703/VA/Halifax
Hallwood,8731,https://www.redfin.com/city/8731/VA/Hallwood
Hamilton,8749,https://www.redfin.com/city/8749/VA/Hamilton
Hampden Sydney,23327,https://www.redfin.com/city/23327/VA/Hampden-Sydney
Hampton,8900,https://www.redfin.com/city/8900/VA/Hampton
Hanover,33122,https://www.redfin.com/city/33122/VA/Hanover
Harborton,33126,https://www.redfin.com/city/33126/VA/Harborton
Harrisonburg,9073,https://www.redfin.com/city/9073/VA/Harrisonburg
Harriston,33151,https://www.redfin.com/city/33151/VA/Harriston
Hartwood,29080,https://www.redfin.com/city/29080/VA/Hartwood
Hayfield,35916,https://www.redfin.com/city/35916/VA/Hayfield
Haymarket,9157,https://www.redfin.com/city/9157/VA/Haymarket
Haysi,9171,https://www.redfin.com/city/9171/VA/Haysi
Heathsville,33178,https://www.redfin.com/city/33178/VA/Heathsville
Henry Fork,33189,https://www.redfin.com/city/33189/VA/Henry-Fork
Herndon,9335,https://www.redfin.com/city/9335/VA/Herndon
Highland Homes,29081,https://www.redfin.com/city/29081/VA/Highland-Homes
Highland Springs,23498,https://www.redfin.com/city/23498/VA/Highland-Springs
Hillsboro,9475,https://www.redfin.com/city/9475/VA/Hillsboro
Hillsville,9486,https://www.redfin.com/city/9486/VA/Hillsville
Hilltown,37233,https://www.redfin.com/city/37233/VA/Hilltown
Hiltons,38608,https://www.redfin.com/city/38608/VA/Hiltons
Hiwassee,33247,https://www.redfin.com/city/33247/VA/Hiwassee
Hollins,23558,https://www.redfin.com/city/23558/VA/Hollins
Holly Corner,29082,https://www.redfin.com/city/29082/VA/Holly-Corner
Hollymead,33270,https://www.redfin.com/city/33270/VA/Hollymead
Honaker,9715,https://www.redfin.com/city/9715/VA/Honaker
Hopewell,9755,https://www.redfin.com/city/9755/VA/Hopewell
Horntown,33291,https://www.redfin.com/city/33291/VA/Horntown
Horse Pasture,23617,https://www.redfin.com/city/23617/VA/Horse-Pasture
Hot Springs,33300,https://www.redfin.com/city/33300/VA/Hot-Springs
Howardsville,29083,https://www.redfin.com/city/29083/VA/Howardsville
Hunters Square,29085,https://www.redfin.com/city/29085/VA/Hunters-Square
Huntington,23647,https://www.redfin.com/city/23647/VA/Huntington
Hurt,9957,https://www.redfin.com/city/9957/VA/Hurt
Hutchison,37158,https://www.redfin.com/city/37158/VA/Hutchison
Hybla Valley,23669,https://www.redfin.com/city/23669/VA/Hybla-Valley
Idylwood,23682,https://www.redfin.com/city/23682/VA/Idylwood
Independence,10055,https://www.redfin.com/city/10055/VA/Independence
Independent Hill,29086,https://www.redfin.com/city/29086/VA/Independent-Hill
Innovation,37257,https://www.redfin.com/city/37257/VA/Innovation
Innsbrook,33367,https://www.redfin.com/city/33367/VA/Innsbrook
Iron Gate,10206,https://www.redfin.com/city/10206/VA/Iron-Gate
Irvington,10222,https://www.redfin.com/city/10222/VA/Irvington
Ivakota,29087,https://www.redfin.com/city/29087/VA/Ivakota
Ivandale,29088,https://www.redfin.com/city/29088/VA/Ivandale
Ivanhoe,33385,https://www.redfin.com/city/33385/VA/Ivanhoe
Ivor,10259,https://www.redfin.com/city/10259/VA/Ivor
Ivy,33387,https://www.redfin.com/city/33387/VA/Ivy
Jarratt,10337,https://www.redfin.com/city/10337/VA/Jarratt
Jefferson,23785,https://www.redfin.com/city/23785/VA/Jefferson
Jefferson Manor,28953,https://www.redfin.com/city/28953/VA/Jefferson-Manor
Jewell Ridge,37322,https://www.redfin.com/city/37322/VA/Jewell-Ridge
Jolivue,23838,https://www.redfin.com/city/23838/VA/Jolivue
Jonesville,10508,https://www.redfin.com/city/10508/VA/Jonesville
Joplin,29089,https://www.redfin.com/city/29089/VA/Joplin
Keezletown,36578,https://www.redfin.com/city/36578/VA/Keezletown
Keller,10609,https://www.redfin.com/city/10609/VA/Keller
Kenbridge,10649,https://www.redfin.com/city/10649/VA/Kenbridge
Keokee,23928,https://www.redfin.com/city/23928/VA/Keokee
Keswick,36504,https://www.redfin.com/city/36504/VA/Keswick
Keys Gap,29090,https://www.redfin.com/city/29090/VA/Keys-Gap
Keysville,10761,https://www.redfin.com/city/10761/VA/Keysville
Kiels Gardens,29091,https://www.redfin.com/city/29091/VA/Kiels-Gardens
Kilmarnock,10795,https://www.redfin.com/city/10795/VA/Kilmarnock
Kincora,37112,https://www.redfin.com/city/37112/VA/Kincora
King George,33543,https://www.redfin.com/city/33543/VA/King-George
King Queen Court House,33542,https://www.redfin.com/city/33542/VA/King-Queen-Court-House
King William,33551,https://www.redfin.com/city/33551/VA/King-William
Kings Crossroads,29092,https://www.redfin.com/city/29092/VA/Kings-Crossroads
Kings Park,35929,https://www.redfin.com/city/35929/VA/Kings-Park
Kings Park West,33549,https://www.redfin.com/city/33549/VA/Kings-Park-West
Kingstowne,28954,https://www.redfin.com/city/28954/VA/Kingstowne
Kopp,29093,https://www.redfin.com/city/29093/VA/Kopp
La Crosse,10988,https://www.redfin.com/city/10988/VA/La-Crosse
Lafayette,31233,https://www.redfin.com/city/31233/VA/Lafayette
Lake Barcroft,24003,https://www.redfin.com/city/24003/VA/Lake-Barcroft
Lake Caroline,33576,https://www.redfin.com/city/33576/VA/Lake-Caroline
Lake Holiday,33577,https://www.redfin.com/city/33577/VA/Lake-Holiday
Lake Land Or,33579,https://www.redfin.com/city/33579/VA/Lake-Land-Or
Lake Monticello,24006,https://www.redfin.com/city/24006/VA/Lake-Monticello
Lake Occoquan Shores,29094,https://www.redfin.com/city/29094/VA/Lake-Occoquan-Shores
Lake Of The Woods,33581,https://www.redfin.com/city/33581/VA/Lake-of-the-Woods
Lake Ridge,24009,https://www.redfin.com/city/24009/VA/Lake-Ridge
Lake Wilderness,33594,https://www.redfin.com/city/33594/VA/Lake-Wilderness
Lakeside,24012,https://www.redfin.com/city/24012/VA/Lakeside
Lancaster,36083,https://www.redfin.com/city/36083/VA/Lancaster
Lansdowne,28955,https://www.redfin.com/city/28955/VA/Lansdowne
Laurel,24070,https://www.redfin.com/city/24070/VA/Laurel
Laurel Hill,33635,https://www.redfin.com/city/33635/VA/Laurel-Hill
Laurel Park,24083,https://www.redfin.com/city/24083/VA/Laurel-Park
Lawrenceville,11353,https://www.redfin.com/city/11353/VA/Lawrenceville
Laymantown,24089,https://www.redfin.com/city/24089/VA/Laymantown
Lebanon,11392,https://www.redfin.com/city/11392/VA/Lebanon
Lee Mont,33660,https://www.redfin.com/city/33660/VA/Lee-Mont
Leeland,29095,https://www.redfin.com/city/29095/VA/Leeland
Leesburg,11452,https://www.redfin.com/city/11452/VA/Leesburg
Leesylvania,37275,https://www.redfin.com/city/37275/VA/Leesylvania
Leithtown,29096,https://www.redfin.com/city/29096/VA/Leithtown
Lexington,11607,https://www.redfin.com/city/11607/VA/Lexington
Lincolnia,24170,https://www.redfin.com/city/24170/VA/Lincolnia
Linton Hall,24183,https://www.redfin.com/city/24183/VA/Linton-Hall
Linville,37210,https://www.redfin.com/city/37210/VA/Linville
Little Falls,29097,https://www.redfin.com/city/29097/VA/Little-Falls
Littletown,29098,https://www.redfin.com/city/29098/VA/Littletown
Loch Lomond,24206,https://www.redfin.com/city/24206/VA/Loch-Lomond
Locust Hill,29099,https://www.redfin.com/city/29099/VA/Locust-Hill
Locust Mount,38600,https://www.redfin.com/city/38600/VA/Locust-Mount
Long Branch,33734,https://www.redfin.com/city/33734/VA/Long-Branch
Lorton,24255,https://www.redfin.com/city/24255/VA/Lorton
Loudoun Heights,29100,https://www.redfin.com/city/29100/VA/Loudoun-Heights
Loudoun Valley Estates,33752,https://www.redfin.com/city/33752/VA/Loudoun-Valley-Estates
Louisa,12041,https://www.redfin.com/city/12041/VA/Louisa
Lovettsville,12058,https://www.redfin.com/city/12058/VA/Lovettsville
Lovingston,33757,https://www.redfin.com/city/33757/VA/Lovingston
Low Moor,24279,https://www.redfin.com/city/24279/VA/Low-Moor
Lowes Island,29101,https://www.redfin.com/city/29101/VA/Lowes-Island
Loyalty,29102,https://www.redfin.com/city/29102/VA/Loyalty
Lunenburg,33772,https://www.redfin.com/city/33772/VA/Lunenburg
Luray,12142,https://www.redfin.com/city/12142/VA/Luray
Lynchburg,12180,https://www.redfin.com/city/12180/VA/Lynchburg
Lyndhurst,24301,https://www.redfin.com/city/24301/VA/Lyndhurst
Madison,12399,https://www.redfin.com/city/12399/VA/Madison
Madison Heights,24364,https://www.redfin.com/city/24364/VA/Madison-Heights
Makemie Park,33824,https://www.redfin.com/city/33824/VA/Makemie-Park
Makleys Corner,29103,https://www.redfin.com/city/29103/VA/Makleys-Corner
Mallow,37899,https://www.redfin.com/city/37899/VA/Mallow
Manassas,12539,https://www.redfin.com/city/12539/VA/Manassas
Manassas Park,33836,https://www.redfin.com/city/33836/VA/Manassas-Park
Manchester,33838,https://www.redfin.com/city/33838/VA/Manchester
Mantua,24407,https://www.redfin.com/city/24407/VA/Mantua
Mappsburg,33852,https://www.redfin.com/city/33852/VA/Mappsburg
Mappsville,33856,https://www.redfin.com/city/33856/VA/Mappsville
Marble Quarry,29104,https://www.redfin.com/city/29104/VA/Marble-Quarry
Marion,12681,https://www.redfin.com/city/12681/VA/Marion
Marshall,33875,https://www.redfin.com/city/33875/VA/Marshall
Martinsville,12773,https://www.redfin.com/city/12773/VA/Martinsville
Marumsco,33885,https://www.redfin.com/city/33885/VA/Marumsco
Mason Neck,28956,https://www.redfin.com/city/28956/VA/Mason-Neck
Massanetta Springs,33893,https://www.redfin.com/city/33893/VA/Massanetta-Springs
Massanutten,24481,https://www.redfin.com/city/24481/VA/Massanutten
Mathews,33897,https://www.redfin.com/city/33897/VA/Mathews
Matoaca,24491,https://www.redfin.com/city/24491/VA/Matoaca
Maurertown,33904,https://www.redfin.com/city/33904/VA/Maurertown
Max Meadows,24507,https://www.redfin.com/city/24507/VA/Max-Meadows
Mccarthys Corner,29105,https://www.redfin.com/city/29105/VA/McCarthys-Corner
Mcdowell,37108,https://www.redfin.com/city/37108/VA/McDowell
Mcgaheysville,37264,https://www.redfin.com/city/37264/VA/McGaheysville
Mckenney,12355,https://www.redfin.com/city/12355/VA/McKenney
Mclean,24355,https://www.redfin.com/city/24355/VA/McLean
Mcmullin,33806,https://www.redfin.com/city/33806/VA/McMullin
Mcnair,33807,https://www.redfin.com/city/33807/VA/McNair
Meadow View,31262,https://www.redfin.com/city/31262/VA/Meadow-View
Meadowbrook,33922,https://www.redfin.com/city/33922/VA/Meadowbrook
Meadows Of Dan,37289,https://www.redfin.com/city/37289/VA/Meadows-of-Dan
Meadowview,38609,https://www.redfin.com/city/38609/VA/Meadowview
Mechanicsburg,36490,https://www.redfin.com/city/36490/VA/Mechanicsburg
Mechanicsville,24530,https://www.redfin.com/city/24530/VA/Mechanicsville
Melfa,13131,https://www.redfin.com/city/13131/VA/Melfa
Mendota,38610,https://www.redfin.com/city/38610/VA/Mendota
Merrifield,24550,https://www.redfin.com/city/24550/VA/Merrifield
Merrimac,24552,https://www.redfin.com/city/24552/VA/Merrimac
Metompkin,33962,https://www.redfin.com/city/33962/VA/Metompkin
Middlebrook,33966,https://www.redfin.com/city/33966/VA/Middlebrook
Middleburg,13261,https://www.redfin.com/city/13261/VA/Middleburg
Middletown,13276,https://www.redfin.com/city/13276/VA/Middletown
Midland,33976,https://www.redfin.com/city/33976/VA/Midland
Midlothian,36541,https://www.redfin.com/city/36541/VA/Midlothian
Midway Island,29107,https://www.redfin.com/city/29107/VA/Midway-Island
Millboro,36524,https://www.redfin.com/city/36524/VA/Millboro
Milltown,29108,https://www.redfin.com/city/29108/VA/Milltown
Mineral,13445,https://www.redfin.com/city/13445/VA/Mineral
Modest Town,34029,https://www.redfin.com/city/34029/VA/Modest-Town
Moneta,36553,https://www.redfin.com/city/36553/VA/Moneta
Moneys Corner,29109,https://www.redfin.com/city/29109/VA/Moneys-Corner
Montclair,24663,https://www.redfin.com/city/24663/VA/Montclair
Monterey,13570,https://www.redfin.com/city/13570/VA/Monterey
Montrose,24677,https://www.redfin.com/city/24677/VA/Montrose
Montross,13634,https://www.redfin.com/city/13634/VA/Montross
Montvale,34054,https://www.redfin.com/city/34054/VA/Montvale
Moorefield,38772,https://www.redfin.com/city/38772/VA/Moorefield
Moorefield Station,34058,https://www.redfin.com/city/34058/VA/Moorefield-Station
Moores Corner,29110,https://www.redfin.com/city/29110/VA/Moores-Corner
Morrisonville,29111,https://www.redfin.com/city/29111/VA/Morrisonville
Mosby,28957,https://www.redfin.com/city/28957/VA/Mosby
Motley,34076,https://www.redfin.com/city/34076/VA/Motley
Mount Clifton,37133,https://www.redfin.com/city/37133/VA/Mount-Clifton
Mount Crawford,13921,https://www.redfin.com/city/13921/VA/Mount-Crawford
Mount Gilead,29112,https://www.redfin.com/city/29112/VA/Mount-Gilead
Mount Hermon,34096,https://www.redfin.com/city/34096/VA/Mount-Hermon
Mount Jackson,13973,https://www.redfin.com/city/13973/VA/Mount-Jackson
Mount Sidney,34102,https://www.redfin.com/city/34102/VA/Mount-Sidney
Mount Vernon,24786,https://www.redfin.com/city/24786/VA/Mount-Vernon
Mountain Road,34083,https://www.redfin.com/city/34083/VA/Mountain-Road
Mountville,29113,https://www.redfin.com/city/29113/VA/Mountville
Narrows,14210,https://www.redfin.com/city/14210/VA/Narrows
Nassawadox,14229,https://www.redfin.com/city/14229/VA/Nassawadox
Nathalie,34141,https://www.redfin.com/city/34141/VA/Nathalie
Navy,37079,https://www.redfin.com/city/37079/VA/Navy
Neabsco,34151,https://www.redfin.com/city/34151/VA/Neabsco
Neersville,29114,https://www.redfin.com/city/29114/VA/Neersville
Nellysford,34158,https://www.redfin.com/city/34158/VA/Nellysford
Nelsonia,34160,https://www.redfin.com/city/34160/VA/Nelsonia
New Baltimore,34166,https://www.redfin.com/city/34166/VA/New-Baltimore
New Castle,14394,https://www.redfin.com/city/14394/VA/New-Castle
New Church,34175,https://www.redfin.com/city/34175/VA/New-Church
New Hope,34181,https://www.redfin.com/city/34181/VA/New-Hope
New Kent,34188,https://www.redfin.com/city/34188/VA/New-Kent
New Market,14455,https://www.redfin.com/city/14455/VA/New-Market
New River,34204,https://www.redfin.com/city/34204/VA/New-River
Newington,24891,https://www.redfin.com/city/24891/VA/Newington
Newington Forest,34185,https://www.redfin.com/city/34185/VA/Newington-Forest
Newport News,14497,https://www.redfin.com/city/14497/VA/Newport-News
Newsoms,14524,https://www.redfin.com/city/14524/VA/Newsoms
Nickelsville,14575,https://www.redfin.com/city/14575/VA/Nickelsville
Nokesville,24945,https://www.redfin.com/city/24945/VA/Nokesville
Norfolk,14757,https://www.redfin.com/city/14757/VA/Norfolk
North Garden,36535,https://www.redfin.com/city/36535/VA/North-Garden
North Shore,25022,https://www.redfin.com/city/25022/VA/North-Shore
North Springfield,25024,https://www.redfin.com/city/25024/VA/North-Springfield
Norton,14954,https://www.redfin.com/city/14954/VA/Norton
Nottoway Court House,34287,https://www.redfin.com/city/34287/VA/Nottoway-Court-House
Oak Grove,34306,https://www.redfin.com/city/34306/VA/Oak-Grove
Oak Hall,34313,https://www.redfin.com/city/34313/VA/Oak-Hall
Oak Hill,28958,https://www.redfin.com/city/28958/VA/Oak-Hill
Oak Level,25063,https://www.redfin.com/city/25063/VA/Oak-Level
Oaks Of Shenandoah,29116,https://www.redfin.com/city/29116/VA/Oaks-of-Shenandoah
Oakton,25078,https://www.redfin.com/city/25078/VA/Oakton
Oatlands,29117,https://www.redfin.com/city/29117/VA/Oatlands
Occoquan,15195,https://www.redfin.com/city/15195/VA/Occoquan
Occoquan River Hills,29118,https://www.redfin.com/city/29118/VA/Occoquan-River-Hills
Odricks Corner,29119,https://www.redfin.com/city/29119/VA/Odricks-Corner
Old Welbourne,29120,https://www.redfin.com/city/29120/VA/Old-Welbourne
Onancock,15360,https://www.redfin.com/city/15360/VA/Onancock
One Loudoun,37151,https://www.redfin.com/city/37151/VA/One-Loudoun
Onley,15370,https://www.redfin.com/city/15370/VA/Onley
Opal,34377,https://www.redfin.com/city/34377/VA/Opal
Orange,15399,https://www.redfin.com/city/15399/VA/Orange
Osaka,38611,https://www.redfin.com/city/38611/VA/Osaka
Paeonian Springs,29019,https://www.redfin.com/city/29019/VA/Paeonian-Springs
Painter,15566,https://www.redfin.com/city/15566/VA/Painter
Palmyra,34431,https://www.redfin.com/city/34431/VA/Palmyra
Pamplin City,15599,https://www.redfin.com/city/15599/VA/Pamplin-City
Pantops,34441,https://www.redfin.com/city/34441/VA/Pantops
Paris,37218,https://www.redfin.com/city/37218/VA/Paris
Parksley,15641,https://www.redfin.com/city/15641/VA/Parksley
Parrott,34459,https://www.redfin.com/city/34459/VA/Parrott
Passapatanzy,34460,https://www.redfin.com/city/34460/VA/Passapatanzy
Pastoria,34462,https://www.redfin.com/city/34462/VA/Pastoria
Patrick Springs,25253,https://www.redfin.com/city/25253/VA/Patrick-Springs
Paxson,29121,https://www.redfin.com/city/29121/VA/Paxson
Paynes Corner,29122,https://www.redfin.com/city/29122/VA/Paynes-Corner
Pearisburg,15758,https://www.redfin.com/city/15758/VA/Pearisburg
Pembroke,15786,https://www.redfin.com/city/15786/VA/Pembroke
Penderbrook,29123,https://www.redfin.com/city/29123/VA/Penderbrook
Penhook,25290,https://www.redfin.com/city/25290/VA/Penhook
Pennington Gap,15827,https://www.redfin.com/city/15827/VA/Pennington-Gap
Petersburg,15890,https://www.redfin.com/city/15890/VA/Petersburg
Phenix,15911,https://www.redfin.com/city/15911/VA/Phenix
Philomont,29124,https://www.redfin.com/city/29124/VA/Philomont
Pimmit Hills,25346,https://www.redfin.com/city/25346/VA/Pimmit-Hills
Piney Mountain,34540,https://www.redfin.com/city/34540/VA/Piney-Mountain
Pleasant Valley,29125,https://www.redfin.com/city/29125/VA/Pleasant-Valley
Plum Creek,34554,https://www.redfin.com/city/34554/VA/Plum-Creek
Pocahontas,16232,https://www.redfin.com/city/16232/VA/Pocahontas
Pohick Park,29126,https://www.redfin.com/city/29126/VA/Pohick-Park
Poquoson,16347,https://www.redfin.com/city/16347/VA/Poquoson
Port Republic,37127,https://www.redfin.com/city/37127/VA/Port-Republic
Port Royal,16392,https://www.redfin.com/city/16392/VA/Port-Royal
Portsmouth,16406,https://www.redfin.com/city/16406/VA/Portsmouth
Potomac Falls,29127,https://www.redfin.com/city/29127/VA/Potomac-Falls
Potomac Mills,34604,https://www.redfin.com/city/34604/VA/Potomac-Mills
Pound,16486,https://www.redfin.com/city/16486/VA/Pound
Pounding Mill,37093,https://www.redfin.com/city/37093/VA/Pounding-Mill
Powhatan,35928,https://www.redfin.com/city/35928/VA/Powhatan
Prices Fork,34631,https://www.redfin.com/city/34631/VA/Prices-Fork
Prince George,34636,https://www.redfin.com/city/34636/VA/Prince-George
Pulaski,16627,https://www.redfin.com/city/16627/VA/Pulaski
Pungoteague,34645,https://www.redfin.com/city/34645/VA/Pungoteague
Purcellville,16663,https://www.redfin.com/city/16663/VA/Purcellville
Quantico,16700,https://www.redfin.com/city/16700/VA/Quantico
Quantico Base,34652,https://www.redfin.com/city/34652/VA/Quantico-Base
Quantico Station,29454,https://www.redfin.com/city/29454/VA/Quantico-Station
Quinby,34659,https://www.redfin.com/city/34659/VA/Quinby
Radford,16764,https://www.redfin.com/city/16764/VA/Radford
Ramoth,29128,https://www.redfin.com/city/29128/VA/Ramoth
Raven,25600,https://www.redfin.com/city/25600/VA/Raven
Ravensworth,35930,https://www.redfin.com/city/35930/VA/Ravensworth
Rectortown,37307,https://www.redfin.com/city/37307/VA/Rectortown
Remington,17045,https://www.redfin.com/city/17045/VA/Remington
Reston,25657,https://www.redfin.com/city/25657/VA/Reston
Rich Creek,17127,https://www.redfin.com/city/17127/VA/Rich-Creek
Richlands,17135,https://www.redfin.com/city/17135/VA/Richlands
Richmond,17149,https://www.redfin.com/city/17149/VA/Richmond
Ridgeway,17205,https://www.redfin.com/city/17205/VA/Ridgeway
Riner,29002,https://www.redfin.com/city/29002/VA/Riner
Rio,36518,https://www.redfin.com/city/36518/VA/Rio
Ripplemead,36495,https://www.redfin.com/city/36495/VA/Ripplemead
Rivanna,34747,https://www.redfin.com/city/34747/VA/Rivanna
Riverdale,34748,https://www.redfin.com/city/34748/VA/Riverdale
Riverview,34771,https://www.redfin.com/city/34771/VA/Riverview
Roanoke,17419,https://www.redfin.com/city/17419/VA/Roanoke
Rockwood,34804,https://www.redfin.com/city/34804/VA/Rockwood
Rocky Gap,36487,https://www.redfin.com/city/36487/VA/Rocky-Gap
Rocky Mount,17546,https://www.redfin.com/city/17546/VA/Rocky-Mount
Rose Hill,25800,https://www.redfin.com/city/25800/VA/Rose-Hill
Rose Hill,25801,https://www.redfin.com/city/25801/VA/Rose-Hill
Round Hill,17693,https://www.redfin.com/city/17693/VA/Round-Hill
Ruby,29129,https://www.redfin.com/city/29129/VA/Ruby
Ruckersville,34835,https://www.redfin.com/city/34835/VA/Ruckersville
Rural Retreat,17760,https://www.redfin.com/city/17760/VA/Rural-Retreat
Rushmere,25837,https://www.redfin.com/city/25837/VA/Rushmere
Rustburg,25841,https://www.redfin.com/city/25841/VA/Rustburg
Salem,17881,https://www.redfin.com/city/17881/VA/Salem
Saltville,17909,https://www.redfin.com/city/17909/VA/Saltville
Saluda,34872,https://www.redfin.com/city/34872/VA/Saluda
Sandston,34879,https://www.redfin.com/city/34879/VA/Sandston
Sandy Level,25883,https://www.redfin.com/city/25883/VA/Sandy-Level
Sanford,34884,https://www.redfin.com/city/34884/VA/Sanford
Savage Town,34894,https://www.redfin.com/city/34894/VA/Savage-Town
Savageville,34896,https://www.redfin.com/city/34896/VA/Savageville
Saxis,18033,https://www.redfin.com/city/18033/VA/Saxis
Scattersville,29131,https://www.redfin.com/city/29131/VA/Scattersville
Schneider Crossroads,29132,https://www.redfin.com/city/29132/VA/Schneider-Crossroads
Schooner Bay,38601,https://www.redfin.com/city/38601/VA/Schooner-Bay
Schuyler,34907,https://www.redfin.com/city/34907/VA/Schuyler
Scotland,34909,https://www.redfin.com/city/34909/VA/Scotland
Scottsburg,18082,https://www.redfin.com/city/18082/VA/Scottsburg
Scottsville,18096,https://www.redfin.com/city/18096/VA/Scottsville
Sedley,34918,https://www.redfin.com/city/34918/VA/Sedley
Selma,25932,https://www.redfin.com/city/25932/VA/Selma
Seven Corners,25950,https://www.redfin.com/city/25950/VA/Seven-Corners
Seven Mile Ford,34931,https://www.redfin.com/city/34931/VA/Seven-Mile-Ford
Shawneeland,34950,https://www.redfin.com/city/34950/VA/Shawneeland
Shawsville,25987,https://www.redfin.com/city/25987/VA/Shawsville
Shenandoah,18328,https://www.redfin.com/city/18328/VA/Shenandoah
Shenandoah Farms,34962,https://www.redfin.com/city/34962/VA/Shenandoah-Farms
Shenandoah Retreat,34965,https://www.redfin.com/city/34965/VA/Shenandoah-Retreat
Shenandoah Shores,34966,https://www.redfin.com/city/34966/VA/Shenandoah-Shores
Sherando,26007,https://www.redfin.com/city/26007/VA/Sherando
Shipman,34983,https://www.redfin.com/city/34983/VA/Shipman
Short Pump,26030,https://www.redfin.com/city/26030/VA/Short-Pump
Shrys Store,29133,https://www.redfin.com/city/29133/VA/Shrys-Store
Silcott Spring,29134,https://www.redfin.com/city/29134/VA/Silcott-Spring
Singers Glen,37215,https://www.redfin.com/city/37215/VA/Singers-Glen
Skidmore Corner,29135,https://www.redfin.com/city/29135/VA/Skidmore-Corner
Skyland Estates,35021,https://www.redfin.com/city/35021/VA/Skyland-Estates
Smithfield,18659,https://www.redfin.com/city/18659/VA/Smithfield
Snowville,35045,https://www.redfin.com/city/35045/VA/Snowville
South Boston,18751,https://www.redfin.com/city/18751/VA/South-Boston
South Hill,18791,https://www.redfin.com/city/18791/VA/South-Hill
South Riding,28959,https://www.redfin.com/city/28959/VA/South-Riding
South Run,35078,https://www.redfin.com/city/35078/VA/South-Run
Southampton Meadows,35070,https://www.redfin.com/city/35070/VA/Southampton-Meadows
Southbridge,28960,https://www.redfin.com/city/28960/VA/Southbridge
Southern Gateway,35063,https://www.redfin.com/city/35063/VA/Southern-Gateway
Southside Chesconessex,35083,https://www.redfin.com/city/35083/VA/Southside-Chesconessex
Sperryville,35096,https://www.redfin.com/city/35096/VA/Sperryville
Spotsylvania Courthouse,26172,https://www.redfin.com/city/26172/VA/Spotsylvania-Courthouse
Springfield,26187,https://www.redfin.com/city/26187/VA/Springfield
Springville,35127,https://www.redfin.com/city/35127/VA/Springville
St Charles,17833,https://www.redfin.com/city/17833/VA/St-Charles
St Louis,29130,https://www.redfin.com/city/29130/VA/St-Louis
St Paul,17869,https://www.redfin.com/city/17869/VA/St-Paul
Stafford Courthouse,35130,https://www.redfin.com/city/35130/VA/Stafford-Courthouse
Stanardsville,19018,https://www.redfin.com/city/19018/VA/Stanardsville
Stanley,19020,https://www.redfin.com/city/19020/VA/Stanley
Stanleytown,26214,https://www.redfin.com/city/26214/VA/Stanleytown
Staunton,19068,https://www.redfin.com/city/19068/VA/Staunton
Stephens City,19100,https://www.redfin.com/city/19100/VA/Stephens-City
Sterling,35153,https://www.redfin.com/city/35153/VA/Sterling
Sterling Park,29137,https://www.redfin.com/city/29137/VA/Sterling-Park
Stevens Creek,37310,https://www.redfin.com/city/37310/VA/Stevens-Creek
Stewartsville,36568,https://www.redfin.com/city/36568/VA/Stewartsville
Stickleyville,38612,https://www.redfin.com/city/38612/VA/Stickleyville
Stoke,29138,https://www.redfin.com/city/29138/VA/Stoke
Stone Ridge,28961,https://www.redfin.com/city/28961/VA/Stone-Ridge
Stonega,38613,https://www.redfin.com/city/38613/VA/Stonega
Stones Corner,29139,https://www.redfin.com/city/29139/VA/Stones-Corner
Stony Creek,19211,https://www.redfin.com/city/19211/VA/Stony-Creek
Storck,29140,https://www.redfin.com/city/29140/VA/Storck
Strasburg,19249,https://www.redfin.com/city/19249/VA/Strasburg
Stuart,19305,https://www.redfin.com/city/19305/VA/Stuart
Stuarts Draft,26306,https://www.redfin.com/city/26306/VA/Stuarts-Draft
Sudley,26314,https://www.redfin.com/city/26314/VA/Sudley
Sudley Springs,28962,https://www.redfin.com/city/28962/VA/Sudley-Springs
Suffolk,19336,https://www.redfin.com/city/19336/VA/Suffolk
Sugar Grove,26316,https://www.redfin.com/city/26316/VA/Sugar-Grove
Sugarland Run,29141,https://www.redfin.com/city/29141/VA/Sugarland-Run
Sully Plantation,29142,https://www.redfin.com/city/29142/VA/Sully-Plantation
Sully Square,37283,https://www.redfin.com/city/37283/VA/Sully-Square
Sully Station,28963,https://www.redfin.com/city/28963/VA/Sully-Station
Surry,19432,https://www.redfin.com/city/19432/VA/Surry
Sussex,35221,https://www.redfin.com/city/35221/VA/Sussex
Swansen,29143,https://www.redfin.com/city/29143/VA/Swansen
Sycolin,29144,https://www.redfin.com/city/29144/VA/Sycolin
Tacoma,38614,https://www.redfin.com/city/38614/VA/Tacoma
Tangier,19566,https://www.redfin.com/city/19566/VA/Tangier
Tappahannock,19580,https://www.redfin.com/city/19580/VA/Tappahannock
Tasley,35245,https://www.redfin.com/city/35245/VA/Tasley
Taylorstown,29145,https://www.redfin.com/city/29145/VA/Taylorstown
Tazewell,19628,https://www.redfin.com/city/19628/VA/Tazewell
Telegraph Spring,29146,https://www.redfin.com/city/29146/VA/Telegraph-Spring
Temperanceville,35257,https://www.redfin.com/city/35257/VA/Temperanceville
Templeton,35259,https://www.redfin.com/city/35259/VA/Templeton
The Plains,19721,https://www.redfin.com/city/19721/VA/The-Plains
The University Of Virginia S College At Wise,38615,https://www.redfin.com/city/38615/VA/The-University-of-Virginia-s-College-at-Wise
Thynedale,35293,https://www.redfin.com/city/35293/VA/Thynedale
Timberlake,26464,https://www.redfin.com/city/26464/VA/Timberlake
Timberville,19834,https://www.redfin.com/city/19834/VA/Timberville
Toms Brook,19888,https://www.redfin.com/city/19888/VA/Toms-Brook
Trapp,29147,https://www.redfin.com/city/29147/VA/Trapp
Triangle,26509,https://www.redfin.com/city/26509/VA/Triangle
Troutdale,19977,https://www.redfin.com/city/19977/VA/Troutdale
Troutville,19978,https://www.redfin.com/city/19978/VA/Troutville
Tuckahoe,26519,https://www.redfin.com/city/26519/VA/Tuckahoe
Twin Lakes,35343,https://www.redfin.com/city/35343/VA/Twin-Lakes
Tysons,37184,https://www.redfin.com/city/37184/VA/Tysons
Tysons Corner,26538,https://www.redfin.com/city/26538/VA/Tysons-Corner
Union Hall,26539,https://www.redfin.com/city/26539/VA/Union-Hall
Union Level,35356,https://www.redfin.com/city/35356/VA/Union-Level
Union Mill,37087,https://www.redfin.com/city/37087/VA/Union-Mill
Unison,29148,https://www.redfin.com/city/29148/VA/Unison
University Center,29149,https://www.redfin.com/city/29149/VA/University-Center
University Of Virginia,35362,https://www.redfin.com/city/35362/VA/University-of-Virginia
Upperville,37225,https://www.redfin.com/city/37225/VA/Upperville
Urbanna,20152,https://www.redfin.com/city/20152/VA/Urbanna
Valley Vue,29150,https://www.redfin.com/city/29150/VA/Valley-Vue
Vannoy Park,29151,https://www.redfin.com/city/29151/VA/Vannoy-Park
Vansant,26564,https://www.redfin.com/city/26564/VA/Vansant
Verona,26586,https://www.redfin.com/city/26586/VA/Verona
Victoria,20289,https://www.redfin.com/city/20289/VA/Victoria
Vienna,20297,https://www.redfin.com/city/20297/VA/Vienna
Villa Heights,26608,https://www.redfin.com/city/26608/VA/Villa-Heights
Vinton,20328,https://www.redfin.com/city/20328/VA/Vinton
Virgilina,20334,https://www.redfin.com/city/20334/VA/Virgilina
Virginia Beach,20418,https://www.redfin.com/city/20418/VA/Virginia-Beach
Wachapreague,20463,https://www.redfin.com/city/20463/VA/Wachapreague
Wakefield,20480,https://www.redfin.com/city/20480/VA/Wakefield
Wakefield,35456,https://www.redfin.com/city/35456/VA/Wakefield
Wallaces Corner,29152,https://www.redfin.com/city/29152/VA/Wallaces-Corner
Warfield,35485,https://www.redfin.com/city/35485/VA/Warfield
Warm Springs,35486,https://www.redfin.com/city/35486/VA/Warm-Springs
Warrenton,20601,https://www.redfin.com/city/20601/VA/Warrenton
Warsaw,20605,https://www.redfin.com/city/20605/VA/Warsaw
Washington,20618,https://www.redfin.com/city/20618/VA/Washington
Waterfall,29153,https://www.redfin.com/city/29153/VA/Waterfall
Waterford,29021,https://www.redfin.com/city/29021/VA/Waterford
Wattsville,35506,https://www.redfin.com/city/35506/VA/Wattsville
Waverly,20676,https://www.redfin.com/city/20676/VA/Waverly
Waxpool,29154,https://www.redfin.com/city/29154/VA/Waxpool
Waynesboro,20687,https://www.redfin.com/city/20687/VA/Waynesboro
Weber City,20706,https://www.redfin.com/city/20706/VA/Weber-City
Weems,37193,https://www.redfin.com/city/37193/VA/Weems
West Falls Church,35539,https://www.redfin.com/city/35539/VA/West-Falls-Church
West Gate,26739,https://www.redfin.com/city/26739/VA/West-Gate
West Point,20833,https://www.redfin.com/city/20833/VA/West-Point
West Springfield,26764,https://www.redfin.com/city/26764/VA/West-Springfield
Westlake Corner,26748,https://www.redfin.com/city/26748/VA/Westlake-Corner
Weyers Cave,26775,https://www.redfin.com/city/26775/VA/Weyers-Cave
Wheatland,29155,https://www.redfin.com/city/29155/VA/Wheatland
White Stone,20899,https://www.redfin.com/city/20899/VA/White-Stone
Whitesville,35567,https://www.redfin.com/city/35567/VA/Whitesville
Widewater,29156,https://www.redfin.com/city/29156/VA/Widewater
Widewater Beach,29157,https://www.redfin.com/city/29157/VA/Widewater-Beach
Wildcat Corner,29158,https://www.redfin.com/city/29158/VA/Wildcat-Corner
Williamsburg,20946,https://www.redfin.com/city/20946/VA/Williamsburg
Willis Wharf,37327,https://www.redfin.com/city/37327/VA/Willis-Wharf
Willow Springs,29159,https://www.redfin.com/city/29159/VA/Willow-Springs
Winchester,20993,https://www.redfin.com/city/20993/VA/Winchester
Windsor,21003,https://www.redfin.com/city/21003/VA/Windsor
Windy Hill,29160,https://www.redfin.com/city/29160/VA/Windy-Hill
Wintergreen,35594,https://www.redfin.com/city/35594/VA/Wintergreen
Wise,21034,https://www.redfin.com/city/21034/VA/Wise
Wolf Trap,26843,https://www.redfin.com/city/26843/VA/Wolf-Trap
Woodbridge,26845,https://www.redfin.com/city/26845/VA/Woodbridge
Woodburn,35600,https://www.redfin.com/city/35600/VA/Woodburn
Woodhaven,29162,https://www.redfin.com/city/29162/VA/Woodhaven
Woodlake,35601,https://www.redfin.com/city/35601/VA/Woodlake
Woodlawn,35602,https://www.redfin.com/city/35602/VA/Woodlawn
Woodlawn,26849,https://www.redfin.com/city/26849/VA/Woodlawn
Woodstock,21065,https://www.redfin.com/city/21065/VA/Woodstock
Wyndham,26853,https://www.redfin.com/city/26853/VA/Wyndham
Wytheville,21074,https://www.redfin.com/city/21074/VA/Wytheville
Yogaville,35605,https://www.redfin.com/city/35605/VA/Yogaville
Yorkshire,26856,https://www.redfin.com/city/26856/VA/Yorkshire
Yorktown,26858,https://www.redfin.com/city/26858/VA/Yorktown
